City_ID,City,Country,Date,Lat,Lng,Max Temp,Humidity,Cloudiness,Wind Speed,Current Description
0,Lahan,NP,2022-07-20 18:09:59,26.7296,86.4951,79.99,82,100,5.26,light rain
1,Yeppoon,AU,2022-07-20 18:06:55,-23.1333,150.7333,60.58,87,100,16.2,light rain
2,Esperance,AU,2022-07-20 18:05:35,-33.8667,121.9,60.62,54,100,19.06,overcast clouds
3,Sfantu Gheorghe,RO,2022-07-20 18:10:00,45.8667,25.7833,70.27,49,26,4.61,scattered clouds
4,Albany,US,2022-07-20 18:02:19,42.6001,-73.9662,94.59,47,6,1.99,clear sky
5,Kahului,US,2022-07-20 18:09:42,20.8947,-156.47,78.82,65,20,14.97,few clouds
6,Yellowknife,CA,2022-07-20 18:06:14,62.456,-114.3525,61.32,63,75,16.11,light intensity shower rain
7,Albanel,CA,2022-07-20 18:08:39,48.8832,-72.4487,76.5,42,44,2.73,scattered clouds
8,Bluff,NZ,2022-07-20 18:05:50,-46.6,168.3333,38.8,63,92,8.41,overcast clouds
9,Kapaa,US,2022-07-20 18:06:06,22.0752,-159.319,79.12,86,40,13.8,light rain
10,Ahuimanu,US,2022-07-20 18:08:48,21.4447,-157.8378,82.11,69,20,14.97,few clouds
11,Namibe,AO,2022-07-20 18:06:14,-15.1961,12.1522,62.91,83,8,7.36,clear sky
12,Flinders,AU,2022-07-20 18:07:14,-34.5833,150.8552,51.19,93,99,5.99,overcast clouds
13,Kjopsvik,NO,2022-07-20 18:10:01,68.097,16.3742,62.47,73,100,4.34,overcast clouds
14,Busselton,AU,2022-07-20 18:04:07,-33.65,115.3333,60.93,92,100,17.58,light rain
15,Ordubad,AZ,2022-07-20 18:10:01,38.9059,46.0234,77.41,55,1,11.54,clear sky
16,Kaitangata,NZ,2022-07-20 18:08:15,-46.2817,169.8464,41.41,81,90,5.7,overcast clouds
17,Fortuna,US,2022-07-20 18:05:52,40.5982,-124.1573,60.66,80,46,6.73,scattered clouds
18,Airai,TL,2022-07-20 18:06:11,-8.9266,125.4092,57.4,95,73,3.02,broken clouds
19,Kapenguria,KE,2022-07-20 18:10:02,1.2511,35.0895,56.44,87,68,2.59,light rain
20,Rikitea,PF,2022-07-20 18:05:37,-23.1203,-134.9692,73.18,76,3,0.65,clear sky
21,Celendin,PE,2022-07-20 18:10:03,-6.8703,-78.1517,68.52,43,22,3.47,few clouds
22,Kavieng,PG,2022-07-20 18:06:14,-2.5744,150.7967,81.68,78,100,12.15,light rain
23,Sayyan,YE,2022-07-20 18:09:42,15.1718,44.3244,61.32,66,98,6.22,overcast clouds
24,Hilo,US,2022-07-20 18:04:55,19.7297,-155.09,78.28,95,75,8.05,moderate rain
25,Victoria,HK,2022-07-20 18:06:04,22.2855,114.1577,87.19,85,24,4.0,few clouds
26,Nikolskoye,RU,2022-07-20 18:06:13,59.7035,30.7861,73.87,57,96,11.52,overcast clouds
27,Ushuaia,AR,2022-07-20 18:01:35,-54.8,-68.3,33.46,93,100,24.16,light snow
28,Port Alfred,ZA,2022-07-20 18:06:08,-33.5906,26.891,56.17,96,99,1.99,overcast clouds
29,Narsaq,GL,2022-07-20 18:05:51,60.9167,-46.05,57.42,84,98,1.39,overcast clouds
30,Barrow,US,2022-07-20 18:05:44,71.2906,-156.7887,50.02,71,0,4.61,clear sky
31,Cherskiy,RU,2022-07-20 18:05:56,68.75,161.3,36.91,86,78,12.62,broken clouds
32,Severo-Yeniseyskiy,RU,2022-07-20 18:10:07,60.3725,93.0408,48.24,97,75,4.88,broken clouds
33,Sao Filipe,CV,2022-07-20 18:06:47,14.8961,-24.4956,77.31,85,80,2.42,broken clouds
34,Puerto Ayora,EC,2022-07-20 18:06:06,-0.7393,-90.3518,76.96,93,96,11.01,overcast clouds
35,Iralaya,HN,2022-07-20 18:10:08,15.0,-83.2333,82.72,76,67,9.82,broken clouds
36,Salalah,OM,2022-07-20 18:05:55,17.0151,54.0924,77.09,94,75,5.75,broken clouds
37,East London,ZA,2022-07-20 18:06:00,-33.0153,27.9116,62.71,80,83,7.09,light rain
38,Punta Arenas,CL,2022-07-20 18:05:41,-53.15,-70.9167,35.71,64,75,24.16,broken clouds
39,Lebu,CL,2022-07-20 18:05:51,-37.6167,-73.65,53.22,96,100,11.21,overcast clouds
40,Hithadhoo,MV,2022-07-20 18:05:58,-0.6,73.0833,80.46,72,100,4.97,light rain
41,Egvekinot,RU,2022-07-20 18:10:09,66.3167,-179.1667,34.0,69,14,13.13,few clouds
42,Severo-Kurilsk,RU,2022-07-20 18:05:51,50.6789,156.125,51.19,98,96,12.93,light rain
43,Toktogul,KG,2022-07-20 18:10:09,41.8708,72.9402,76.46,33,0,3.89,clear sky
44,Atuona,PF,2022-07-20 18:05:43,-9.8,-139.0333,77.65,74,43,15.41,scattered clouds
45,Roald,NO,2022-07-20 18:10:12,62.5833,6.1333,60.91,94,75,4.61,broken clouds
46,Bredasdorp,ZA,2022-07-20 18:05:36,-34.5322,20.0403,49.01,82,66,4.07,broken clouds
47,New Norfolk,AU,2022-07-20 18:05:45,-42.7826,147.0587,34.72,88,3,2.39,clear sky
48,Gushi,CN,2022-07-20 18:10:13,34.6425,109.5843,72.46,67,0,1.92,clear sky
49,Tautira,PF,2022-07-20 18:07:34,-17.7333,-149.15,76.3,74,0,12.91,light rain
50,Nanortalik,GL,2022-07-20 18:07:43,60.1432,-45.2371,52.92,79,71,14.5,broken clouds
51,San Antonio,US,2022-07-20 18:08:00,29.4241,-98.4936,100.51,48,0,5.75,clear sky
52,Danielskuil,ZA,2022-07-20 18:10:13,-28.1887,23.5395,54.73,44,20,6.26,few clouds
53,Praia Da Vitoria,PT,2022-07-20 18:05:05,38.7333,-27.0667,76.75,83,13,0.31,few clouds
54,Torbay,CA,2022-07-20 18:07:26,47.6666,-52.7314,71.28,76,47,19.17,scattered clouds
55,Shchors,UA,2022-07-20 18:10:14,51.8186,31.945,59.38,71,17,11.05,few clouds
56,Russell,US,2022-07-20 18:06:09,32.3502,-85.1999,92.37,59,67,4.54,broken clouds
57,Vaini,TO,2022-07-20 18:05:39,-21.2,-175.2,74.46,78,58,18.37,broken clouds
58,Qaanaaq,GL,2022-07-20 18:06:42,77.484,-69.3632,41.04,81,100,4.5,overcast clouds
59,Karasuk,RU,2022-07-20 18:10:14,53.7377,78.0403,64.72,79,100,15.66,light rain
60,Walvis Bay,NA,2022-07-20 18:08:47,-22.9575,14.5053,57.09,60,0,13.35,clear sky
61,Xuddur,SO,2022-07-20 18:10:15,4.1213,43.8894,79.21,42,92,13.82,overcast clouds
62,Tuktoyaktuk,CA,2022-07-20 18:05:51,69.4541,-133.0374,57.2,82,75,11.5,broken clouds
63,Biu,NG,2022-07-20 18:10:15,10.6129,12.1946,68.13,91,91,2.24,overcast clouds
64,Sorland,NO,2022-07-20 18:10:15,67.667,12.6934,53.46,94,78,23.76,broken clouds
65,Vestmannaeyjar,IS,2022-07-20 18:10:16,63.4427,-20.2734,58.19,77,0,13.8,clear sky
66,Hobart,AU,2022-07-20 18:05:35,-42.8794,147.3294,35.06,93,1,6.91,clear sky
67,Tiksi,RU,2022-07-20 18:07:42,71.6872,128.8694,35.82,95,98,10.98,overcast clouds
68,Peringat,MY,2022-07-20 18:10:16,6.0333,102.2833,75.83,94,100,2.62,overcast clouds
69,Mar Del Plata,AR,2022-07-20 18:02:48,-38.0023,-57.5575,63.95,53,0,14.0,clear sky
70,Annau,TM,2022-07-20 18:10:17,37.8876,58.516,94.15,12,0,0.18,clear sky
71,Foumban,CM,2022-07-20 18:10:17,5.7291,10.9001,64.69,95,91,0.94,moderate rain
72,Lasa,IT,2022-07-20 18:10:17,46.6166,10.7002,74.1,81,72,3.42,broken clouds
73,Hermanus,ZA,2022-07-20 18:05:42,-34.4187,19.2345,45.81,69,2,3.47,clear sky
74,Asau,RO,2022-07-20 18:07:56,46.4333,26.4,79.72,56,51,5.77,broken clouds
75,Vanavara,RU,2022-07-20 18:07:38,60.34,102.2797,58.48,81,87,5.3,overcast clouds
76,Phanat Nikhom,TH,2022-07-20 18:10:18,13.4458,101.1844,81.25,73,100,3.31,moderate rain
77,Meulaboh,ID,2022-07-20 18:07:27,4.1363,96.1285,76.12,87,100,3.78,overcast clouds
78,Provideniya,RU,2022-07-20 18:06:42,64.3833,-173.3,39.9,94,95,17.54,overcast clouds
79,Kearney,US,2022-07-20 18:09:28,40.6995,-99.0815,82.31,47,0,3.44,clear sky
80,Codrington,AU,2022-07-20 18:10:18,-38.2667,141.9667,38.48,86,0,7.56,clear sky
81,Sur,OM,2022-07-20 18:10:18,22.5667,59.5289,85.55,73,94,14.38,overcast clouds
82,Tiznit,MA,2022-07-20 18:10:19,29.5833,-9.5,98.22,17,90,8.61,overcast clouds
83,Cape Town,ZA,2022-07-20 18:05:41,-33.9258,18.4232,53.28,65,0,1.01,clear sky
84,Viedma,AR,2022-07-20 18:10:19,-40.8135,-62.9967,66.72,28,90,27.96,overcast clouds
85,Jamestown,US,2022-07-20 18:03:38,42.097,-79.2353,89.19,55,75,13.8,broken clouds
86,Kinkala,CG,2022-07-20 18:10:19,-4.3614,14.7644,72.77,73,86,3.71,overcast clouds
87,College,US,2022-07-20 18:07:49,64.8569,-147.8028,59.47,80,75,4.61,broken clouds
88,Benguela,AO,2022-07-20 18:08:16,-12.5763,13.4055,67.82,88,58,4.09,broken clouds
89,Cap Malheureux,MU,2022-07-20 18:10:20,-19.9842,57.6142,70.47,61,96,10.0,overcast clouds
90,Vallenar,CL,2022-07-20 18:10:20,-28.5708,-70.7581,67.5,47,100,2.8,overcast clouds
91,Leninskiy,RU,2022-07-20 18:10:20,54.2781,37.4558,55.29,93,54,6.82,broken clouds
92,Klaksvik,FO,2022-07-20 18:06:01,62.2266,-6.589,50.92,91,84,19.19,broken clouds
93,Grand Gaube,MU,2022-07-20 18:08:04,-20.0064,57.6608,71.38,59,97,8.99,overcast clouds
94,Lompoc,US,2022-07-20 18:07:43,34.6391,-120.4579,86.68,72,0,12.66,clear sky
95,Howard Springs,AU,2022-07-20 18:10:24,-12.497,131.047,66.11,93,81,4.97,broken clouds
96,Vizinga,RU,2022-07-20 18:10:24,61.0749,50.1031,55.24,95,45,2.57,scattered clouds
97,Thompson,CA,2022-07-20 18:05:59,55.7435,-97.8558,62.76,82,75,6.91,broken clouds
98,Tuatapere,NZ,2022-07-20 18:07:18,-46.1333,167.6833,41.97,86,98,1.59,overcast clouds
99,Grindavik,IS,2022-07-20 18:06:36,63.8424,-22.4338,52.27,87,75,16.11,broken clouds
100,Sola,VU,2022-07-20 18:06:39,-13.8833,167.55,80.58,80,98,19.55,overcast clouds
101,Khatanga,RU,2022-07-20 18:06:40,71.9667,102.5,46.72,59,100,21.39,overcast clouds
102,Lavrentiya,RU,2022-07-20 18:07:34,65.5833,-171.0,39.54,94,100,14.0,overcast clouds
103,Pashiya,RU,2022-07-20 18:10:25,58.4324,58.2562,55.02,90,100,3.18,overcast clouds
104,Mataura,NZ,2022-07-20 18:05:38,-46.1927,168.8643,38.48,93,47,1.57,scattered clouds
105,Miracema,BR,2022-07-20 18:10:25,-21.4122,-42.1967,82.24,45,16,6.98,few clouds
106,Mangai,CD,2022-07-20 18:10:26,-4.05,19.5333,80.11,49,72,1.12,broken clouds
107,Touros,BR,2022-07-20 18:06:52,-5.1989,-35.4608,80.47,66,46,16.22,scattered clouds
108,Jerome,US,2022-07-20 18:10:26,42.7241,-114.5186,90.88,32,0,11.61,clear sky
109,Ishigaki,JP,2022-07-20 18:10:26,24.3448,124.1572,85.39,82,3,14.79,clear sky
110,Vanimo,PG,2022-07-20 18:07:12,-2.6741,141.3028,75.2,89,100,6.55,light rain
111,Avarua,CK,2022-07-20 18:05:56,-21.2078,-159.775,73.45,68,75,16.11,broken clouds
112,Yar-Sale,RU,2022-07-20 18:10:27,66.8333,70.8333,54.46,70,20,11.95,few clouds
113,Lashio,MM,2022-07-20 18:10:27,22.9333,97.75,70.2,99,99,0.92,overcast clouds
114,Puerto Madryn,AR,2022-07-20 18:10:27,-42.7692,-65.0385,57.47,54,100,22.59,overcast clouds
115,Oskaloosa,US,2022-07-20 18:08:11,41.2964,-92.6444,86.41,62,0,18.41,clear sky
116,La Palma,US,2022-07-20 18:10:28,33.8464,-118.0467,91.81,67,0,6.91,clear sky
117,Constitucion,CL,2022-07-20 18:10:28,-35.3333,-72.4167,58.93,67,16,4.76,few clouds
118,Ilulissat,GL,2022-07-20 18:06:40,69.2167,-51.1,62.62,36,75,12.66,broken clouds
119,Tasiilaq,GL,2022-07-20 18:05:54,65.6145,-37.6368,42.96,80,43,3.24,scattered clouds
120,Borogontsy,RU,2022-07-20 18:10:28,62.6683,131.1683,68.23,73,82,6.62,broken clouds
121,Morehead,US,2022-07-20 18:10:29,37.2711,-87.1764,92.98,67,0,5.75,clear sky
122,Korla,CN,2022-07-20 18:10:29,41.7597,86.1469,70.59,42,11,5.03,few clouds
123,Sainte-Suzanne,RE,2022-07-20 18:10:29,-20.9061,55.6089,71.82,77,75,23.02,broken clouds
124,Port Elizabeth,ZA,2022-07-20 18:03:22,-33.918,25.5701,57.09,94,100,1.99,overcast clouds
125,Husavik,IS,2022-07-20 18:06:41,66.0449,-17.3389,46.44,86,100,7.94,overcast clouds
126,Kununurra,AU,2022-07-20 18:10:30,-15.7667,128.7333,58.98,88,46,2.3,scattered clouds
127,Gold Coast,AU,2022-07-20 18:07:29,-28.0,153.4333,59.23,88,75,17.27,broken clouds
128,Caravelas,BR,2022-07-20 18:07:15,-17.7125,-39.2481,76.78,63,51,8.25,broken clouds
129,Eureka,US,2022-07-20 18:06:40,40.8021,-124.1637,76.68,82,68,6.2,broken clouds
130,Abbeville,FR,2022-07-20 18:10:30,50.1,1.8333,67.96,68,77,8.43,broken clouds
131,Saint Anthony,US,2022-07-20 18:07:54,45.0205,-93.218,87.84,43,0,25.32,clear sky
132,San Patricio,US,2022-07-20 18:06:53,28.017,-97.5169,96.19,42,1,18.75,clear sky
133,Tilichiki,RU,2022-07-20 18:10:30,60.4667,166.1,47.61,60,7,6.71,clear sky
134,Beloha,MG,2022-07-20 18:10:31,-25.1667,45.05,64.44,66,0,8.05,clear sky
135,Teplodar,UA,2022-07-20 18:10:31,46.5059,30.3252,76.73,37,41,5.57,scattered clouds
136,Kruisfontein,ZA,2022-07-20 18:06:16,-34.0033,24.7314,54.88,91,99,2.15,overcast clouds
137,Hope Mills,US,2022-07-20 18:10:31,34.9704,-78.9453,95.38,64,40,13.8,scattered clouds
138,Iqaluit,CA,2022-07-20 18:05:42,63.7506,-68.5145,50.7,76,100,8.01,overcast clouds
139,Sitka,US,2022-07-20 18:08:09,57.0531,-135.33,53.49,82,100,3.44,moderate rain
140,Bakchar,RU,2022-07-20 18:06:22,57.0186,82.0711,57.15,78,100,2.44,overcast clouds
141,Guerrero Negro,MX,2022-07-20 18:05:54,27.9769,-114.0611,80.6,50,47,11.12,scattered clouds
142,Mascote,BR,2022-07-20 18:10:35,-15.5631,-39.3025,73.85,87,66,3.56,broken clouds
143,Talara,PE,2022-07-20 18:10:35,-4.5772,-81.2719,72.36,68,75,14.97,broken clouds
144,Ribeira Grande,PT,2022-07-20 18:05:53,38.5167,-28.7,75.6,83,20,8.05,few clouds
145,Soe,ID,2022-07-20 18:10:36,-9.8607,124.284,64.27,92,75,3.69,broken clouds
146,Cockburn Town,TC,2022-07-20 18:08:00,21.4612,-71.1419,82.04,77,1,19.66,clear sky
147,Alice Springs,AU,2022-07-20 18:09:21,-23.7,133.8833,33.35,75,1,0.0,clear sky
148,Carballo,ES,2022-07-20 18:10:36,43.213,-8.691,74.62,86,34,11.83,scattered clouds
149,Khorramshahr,IR,2022-07-20 18:10:37,30.4397,48.1664,103.95,8,0,11.79,clear sky
150,Geraldton,AU,2022-07-20 18:06:15,-28.7667,114.6,66.61,88,75,9.22,broken clouds
151,Cidreira,BR,2022-07-20 18:06:24,-30.1811,-50.2056,63.84,81,0,15.61,clear sky
152,Poum,NC,2022-07-20 18:06:15,-20.2333,164.0167,75.09,87,100,10.89,overcast clouds
153,Baykit,RU,2022-07-20 18:10:37,61.67,96.37,52.59,94,47,0.29,scattered clouds
154,Quatre Cocos,MU,2022-07-20 18:09:06,-20.2078,57.7625,70.09,70,94,21.63,light rain
155,Chokurdakh,RU,2022-07-20 18:06:05,70.6333,147.9167,39.87,79,89,8.48,overcast clouds
156,Naze,JP,2022-07-20 18:07:44,28.3667,129.4833,81.03,89,95,15.23,overcast clouds
157,Honningsvag,NO,2022-07-20 18:10:38,70.9821,25.9704,51.55,100,100,4.61,fog
158,Cap-Aux-Meules,CA,2022-07-20 18:06:35,47.3821,-61.8597,63.93,81,80,26.8,broken clouds
159,Hasaki,JP,2022-07-20 18:01:48,35.7333,140.8333,75.6,83,99,8.43,overcast clouds
160,Saskylakh,RU,2022-07-20 18:07:49,71.9167,114.0833,37.13,91,85,13.22,overcast clouds
161,Teguldet,RU,2022-07-20 18:10:38,57.3064,88.1667,53.01,97,5,4.85,clear sky
162,Hofn,IS,2022-07-20 18:06:45,64.2539,-15.2082,53.01,73,98,9.78,overcast clouds
163,Holme,DK,2022-07-20 18:09:43,56.1138,10.1725,86.18,58,6,8.86,clear sky
164,Port Pirie,AU,2022-07-20 18:10:39,-33.1833,138.0167,42.85,88,19,7.16,few clouds
165,Vila Velha,BR,2022-07-20 18:08:51,-20.3297,-40.2925,78.75,76,0,13.8,clear sky
166,Sabang,ID,2022-07-20 18:10:39,5.8933,95.3214,82.98,75,100,21.09,overcast clouds
167,Pangnirtung,CA,2022-07-20 18:07:17,66.1451,-65.7125,49.06,84,100,3.6,light rain
168,Concepcion Del Oro,MX,2022-07-20 18:10:39,24.6333,-101.4167,80.19,27,1,2.3,clear sky
169,Butaritari,KI,2022-07-20 18:06:12,3.0707,172.7902,81.19,78,96,11.77,light rain
170,Carnarvon,AU,2022-07-20 18:06:28,-24.8667,113.6333,70.88,76,0,17.16,clear sky
171,Zelenoborskiy,RU,2022-07-20 18:10:40,66.845,32.3622,65.86,80,100,5.46,overcast clouds
172,Esmeralda,CU,2022-07-20 18:10:40,21.8525,-78.1169,90.64,51,18,12.01,few clouds
173,Atbasar,KZ,2022-07-20 18:10:40,51.8,68.3333,70.11,66,97,8.93,overcast clouds
174,Kerema,PG,2022-07-20 18:10:41,-7.9631,145.7785,75.87,90,100,7.09,overcast clouds
175,Okhotsk,RU,2022-07-20 18:07:29,59.3833,143.3,57.97,95,98,2.95,overcast clouds
176,North Battleford,CA,2022-07-20 18:10:41,52.7834,-108.2847,70.41,42,0,18.63,clear sky
177,Gamba,GA,2022-07-20 18:07:06,-2.65,10.0,70.72,92,69,6.98,broken clouds
178,Turukhansk,RU,2022-07-20 18:10:41,65.8167,87.9833,50.99,90,100,6.93,overcast clouds
179,Isangel,VU,2022-07-20 18:06:28,-19.55,169.2667,75.56,90,64,8.59,broken clouds
180,Dezful,IR,2022-07-20 18:10:42,32.3811,48.4058,106.18,10,0,5.08,clear sky
181,Castro,BR,2022-07-20 18:07:32,-24.7911,-50.0119,69.58,66,63,4.25,broken clouds
182,Baghdad,IQ,2022-07-20 18:08:55,33.3406,44.4009,105.71,15,0,16.11,clear sky
183,Lorengau,PG,2022-07-20 18:06:46,-2.0226,147.2712,79.5,80,72,3.91,broken clouds
184,Harer,ET,2022-07-20 18:07:17,9.3094,42.1258,58.37,84,98,3.74,light rain
185,Port Blair,IN,2022-07-20 18:05:55,11.6667,92.75,78.67,84,100,12.8,heavy intensity rain
186,Tabou,CI,2022-07-20 18:10:45,4.423,-7.3528,76.19,71,93,7.31,overcast clouds
187,Broken Hill,AU,2022-07-20 18:06:28,-31.95,141.4333,46.17,84,67,11.45,broken clouds
188,Zhigansk,RU,2022-07-20 18:07:09,66.7697,123.3711,48.31,70,93,15.73,overcast clouds
189,Biskupiec,PL,2022-07-20 18:10:46,53.8647,20.9569,75.02,72,25,4.38,scattered clouds
190,Georgetown,MY,2022-07-20 18:02:04,5.4112,100.3354,81.9,84,20,0.0,few clouds
191,Clyde River,CA,2022-07-20 18:07:15,70.4692,-68.5914,39.43,93,100,9.22,light rain
192,Bilma,NE,2022-07-20 18:06:52,18.6853,12.9164,99.59,13,39,4.7,scattered clouds
193,Whitehorse,CA,2022-07-20 18:08:13,60.7161,-135.0538,51.82,76,100,8.01,overcast clouds
194,Pizarro,CO,2022-07-20 18:10:46,4.9533,-77.366,80.37,86,98,10.89,moderate rain
195,Qaqortoq,GL,2022-07-20 18:08:08,60.7167,-46.0333,53.28,81,94,7.49,overcast clouds
196,Provost,CA,2022-07-20 18:10:47,52.3501,-110.2683,68.04,50,0,14.41,clear sky
197,Wernigerode,DE,2022-07-20 18:10:47,51.8333,10.7833,94.21,28,61,3.74,broken clouds
198,Ponta Do Sol,PT,2022-07-20 18:06:37,32.6667,-17.1,77.72,75,0,3.36,clear sky
199,Orneta,PL,2022-07-20 18:10:47,54.1148,20.1333,72.75,67,8,4.45,clear sky
200,Cabedelo,BR,2022-07-20 18:07:16,-6.9811,-34.8339,81.27,78,21,13.49,few clouds
201,Souillac,MU,2022-07-20 18:08:14,-20.5167,57.5167,70.18,73,40,14.97,scattered clouds
202,Mahebourg,MU,2022-07-20 18:05:54,-20.4081,57.7,71.26,73,40,14.97,scattered clouds
203,Port Moresby,PG,2022-07-20 18:09:23,-9.4431,147.1797,75.63,88,97,2.17,overcast clouds
204,Ronneby,SE,2022-07-20 18:10:48,56.21,15.276,73.9,53,10,5.75,clear sky
205,Pevek,RU,2022-07-20 18:06:00,69.7008,170.3133,31.41,94,98,13.69,overcast clouds
206,Avera,US,2022-07-20 18:04:34,33.194,-82.5271,83.71,44,23,9.69,few clouds
207,San Quintin,MX,2022-07-20 18:06:25,30.4833,-115.95,75.97,59,97,9.51,overcast clouds
208,Ust-Ordynskiy,RU,2022-07-20 18:10:48,52.805,104.7508,53.42,83,82,2.95,broken clouds
209,Longyearbyen,SJ,2022-07-20 18:08:13,78.2186,15.6401,49.84,87,75,6.91,broken clouds
210,Ylivieska,FI,2022-07-20 18:10:49,64.0833,24.55,61.36,69,88,3.2,overcast clouds
211,Pinega,RU,2022-07-20 18:10:49,64.7001,43.3936,67.6,63,71,4.5,broken clouds
212,Naica,MX,2022-07-20 18:10:50,27.85,-105.4833,95.92,19,0,13.2,clear sky
213,Coquimbo,CL,2022-07-20 18:04:15,-29.9533,-71.3436,53.33,93,100,1.14,overcast clouds
214,Aklavik,CA,2022-07-20 18:06:08,68.2191,-135.0107,64.22,53,89,3.49,overcast clouds
215,Hastings,GB,2022-07-20 18:10:50,50.8552,0.5729,77.99,55,22,12.77,few clouds
216,Chuy,UY,2022-07-20 18:05:58,-33.6971,-53.4616,60.94,79,0,10.33,clear sky
217,Veraval,IN,2022-07-20 18:10:51,20.9,70.3667,80.55,86,68,16.51,broken clouds
218,Sawtell,AU,2022-07-20 18:10:51,-30.3833,153.1,52.18,93,75,5.75,light rain
219,Druzhba,UA,2022-07-20 18:10:51,52.0428,33.9453,57.11,77,14,12.93,few clouds
220,Faanui,PF,2022-07-20 18:06:16,-16.4833,-151.75,77.5,65,0,9.46,clear sky
221,Doha,QA,2022-07-20 18:09:17,25.2867,51.5333,96.78,56,0,5.75,clear sky
222,Pahrump,US,2022-07-20 18:10:52,36.2083,-115.9839,101.95,16,24,4.0,few clouds
223,Lagoa,PT,2022-07-20 18:08:15,39.05,-27.9833,72.27,76,36,5.39,scattered clouds
224,Changping,CN,2022-07-20 18:10:52,40.2186,116.2197,74.84,69,7,3.49,clear sky
225,Grafton,US,2022-07-20 18:10:53,42.207,-71.6856,95.25,53,0,8.05,clear sky
226,Les Cayes,HT,2022-07-20 18:10:53,18.2,-73.75,88.57,51,31,12.39,scattered clouds
227,Taoudenni,ML,2022-07-20 18:10:53,22.6783,-3.9836,106.03,17,40,12.55,scattered clouds
228,Mount Gambier,AU,2022-07-20 18:09:24,-37.8333,140.7667,39.09,86,0,5.59,clear sky
229,Bud,US,2022-07-20 18:08:02,39.447,-86.1758,91.4,74,3,14.23,clear sky
230,Yerbogachen,RU,2022-07-20 18:09:05,61.2767,108.0108,54.75,94,100,3.69,overcast clouds
231,Conakry,GN,2022-07-20 18:10:57,9.538,-13.6773,76.73,87,100,12.82,light rain
232,Katobu,ID,2022-07-20 18:08:58,-4.9408,122.5276,74.91,96,26,4.81,scattered clouds
233,Jorpeland,NO,2022-07-20 18:10:57,59.0225,6.0408,68.95,83,100,1.92,overcast clouds
234,Kudahuvadhoo,MV,2022-07-20 18:10:58,2.6708,72.8944,80.78,74,100,10.07,overcast clouds
235,Mazyr,BY,2022-07-20 18:10:58,52.0495,29.2456,64.08,58,52,11.07,broken clouds
236,Upernavik,GL,2022-07-20 18:07:11,72.7868,-56.1549,48.13,70,49,7.63,scattered clouds
237,Riyadh,SA,2022-07-20 18:05:23,24.6877,46.7219,100.54,9,38,11.48,scattered clouds
238,Osypenko,UA,2022-07-20 18:10:58,46.9136,36.8253,72.88,57,37,13.0,scattered clouds
239,Henties Bay,NA,2022-07-20 18:10:59,-22.116,14.2845,55.08,87,0,11.16,clear sky
240,Kodiak,US,2022-07-20 18:05:55,57.79,-152.4072,53.11,82,40,4.61,scattered clouds
241,Ocean City,US,2022-07-20 18:08:38,39.2776,-74.5746,98.29,71,1,8.01,clear sky
242,Boke,GN,2022-07-20 18:10:59,10.9409,-14.2967,75.15,95,100,6.22,light rain
243,Lumberton,US,2022-07-20 18:10:59,34.6182,-79.0086,94.91,42,0,13.4,clear sky
244,Dinguiraye,GN,2022-07-20 18:11:00,11.3,-10.7167,71.73,95,100,3.44,moderate rain
245,Gravdal,NO,2022-07-20 18:08:09,68.1214,13.5031,57.09,94,40,14.97,scattered clouds
246,Fort Nelson,CA,2022-07-20 18:06:21,58.8053,-122.7002,74.16,31,8,4.72,clear sky
247,Harper,LR,2022-07-20 18:06:43,4.375,-7.7169,76.33,69,98,8.23,overcast clouds
248,De Aar,ZA,2022-07-20 18:11:00,-30.6497,24.0123,55.76,45,5,7.02,clear sky
249,Okha,RU,2022-07-20 18:11:01,53.5739,142.9478,54.27,98,99,7.4,overcast clouds
250,Laguna,US,2022-07-20 18:06:29,38.421,-121.4238,95.02,40,0,5.75,clear sky
251,Vardo,NO,2022-07-20 18:06:58,70.3705,31.1107,53.58,94,100,0.0,overcast clouds
252,Vila Franca Do Campo,PT,2022-07-20 18:06:40,37.7167,-25.4333,72.01,71,47,2.19,scattered clouds
253,Manta,EC,2022-07-20 18:11:02,-0.95,-80.7333,82.18,61,20,4.61,few clouds
254,Cabo San Lucas,MX,2022-07-20 18:05:15,22.8909,-109.9124,95.61,46,20,9.22,few clouds
255,Saint-Georges,GD,2022-07-20 18:11:02,12.0564,-61.7485,83.66,68,15,11.79,few clouds
256,Eufaula,US,2022-07-20 18:11:03,31.8913,-85.1455,92.32,71,62,6.24,broken clouds
257,Rawson,AR,2022-07-20 18:06:31,-43.3002,-65.1023,56.08,50,100,20.18,overcast clouds
258,Fairlie,GB,2022-07-20 18:11:03,55.756,-4.8556,66.4,76,45,5.01,scattered clouds
259,Dingle,PH,2022-07-20 18:07:27,10.9995,122.6711,77.29,88,74,2.17,broken clouds
260,Sergeyevka,KZ,2022-07-20 18:11:04,53.88,67.4158,65.84,87,18,11.25,few clouds
261,Touba,CI,2022-07-20 18:11:04,8.2833,-7.6833,70.59,92,100,3.67,light rain
262,Ilhabela,BR,2022-07-20 18:09:20,-23.7781,-45.3581,70.2,88,52,3.13,broken clouds
263,Outjo,NA,2022-07-20 18:11:04,-20.1167,16.15,60.22,24,0,3.69,clear sky
264,Bethel,US,2022-07-20 18:05:40,41.3712,-73.414,95.74,51,0,3.44,clear sky
265,Zyryanka,RU,2022-07-20 18:07:32,65.75,150.85,44.51,72,100,8.99,overcast clouds
266,Denpasar,ID,2022-07-20 18:06:22,-8.65,115.2167,76.71,88,20,9.22,few clouds
267,Willowmore,ZA,2022-07-20 18:08:49,-33.2926,23.4895,45.63,89,49,3.76,scattered clouds
268,Portland,US,2022-07-20 18:06:32,45.5234,-122.6762,83.46,58,0,5.75,clear sky
269,Lata,PT,2022-07-20 18:09:02,40.1629,-8.3327,81.7,40,0,8.41,clear sky
270,Ericeira,PT,2022-07-20 18:11:06,38.9627,-9.4156,78.8,83,0,19.77,clear sky
271,Coihaique,CL,2022-07-20 18:06:34,-45.5752,-72.0662,36.21,80,75,2.3,light snow
272,Saint-Philippe,RE,2022-07-20 18:05:59,-21.3585,55.7679,71.19,72,32,14.65,scattered clouds
273,Naberera,TZ,2022-07-20 18:11:09,-4.2,36.9333,57.29,85,57,10.45,broken clouds
274,The Valley,AI,2022-07-20 18:07:29,18.217,-63.0578,86.14,70,40,18.41,scattered clouds
275,Athenry,IE,2022-07-20 18:11:10,53.2964,-8.7431,61.97,62,91,9.71,overcast clouds
276,Coruripe,BR,2022-07-20 18:11:10,-10.1256,-36.1756,75.97,87,63,14.97,broken clouds
277,Gari,RU,2022-07-20 18:11:10,59.4307,62.3497,59.88,98,28,6.89,scattered clouds
278,Yining,CN,2022-07-20 18:07:55,29.0361,114.5636,79.0,90,99,2.77,overcast clouds
279,Qandala,SO,2022-07-20 18:11:11,11.472,49.8728,87.13,57,79,9.91,broken clouds
280,Brumunddal,NO,2022-07-20 18:11:11,60.881,10.9395,76.37,50,80,5.93,broken clouds
281,Gat,IL,2022-07-20 18:09:49,31.61,34.7642,82.81,100,0,7.72,clear sky
282,Hamilton,US,2022-07-20 18:03:51,39.1834,-84.5333,92.25,69,75,12.66,haze
283,Ilula,TZ,2022-07-20 18:11:12,-7.6766,36.0366,53.78,90,32,5.17,scattered clouds
284,Arraial Do Cabo,BR,2022-07-20 18:07:08,-22.9661,-42.0278,75.06,78,40,5.75,scattered clouds
285,Ahipara,NZ,2022-07-20 18:08:50,-35.1667,173.1667,54.75,72,46,17.22,scattered clouds
286,Babushkin,RU,2022-07-20 18:11:12,51.7122,105.8647,54.91,80,71,5.79,broken clouds
287,Phek,IN,2022-07-20 18:08:20,25.6667,94.5,62.17,99,100,1.45,overcast clouds
288,Little Current,CA,2022-07-20 18:10:22,45.9793,-81.9248,74.41,90,100,16.71,overcast clouds
289,Charters Towers,AU,2022-07-20 18:11:13,-20.1,146.2667,57.97,90,2,5.75,clear sky
290,Upata,VE,2022-07-20 18:11:13,8.0086,-62.3989,81.19,84,60,2.33,broken clouds
291,Madimba,TZ,2022-07-20 18:11:13,-10.4,40.3333,71.98,79,18,10.98,few clouds
292,Barabai,ID,2022-07-20 18:11:14,-2.5833,115.3833,73.78,96,2,2.21,clear sky
293,Springbok,ZA,2022-07-20 18:11:14,-29.6643,17.8865,47.8,47,0,4.32,clear sky
294,Morondava,MG,2022-07-20 18:11:14,-20.2833,44.2833,73.92,78,0,12.24,clear sky
295,Choix,MX,2022-07-20 18:11:15,26.7092,-108.3219,94.23,40,4,5.75,clear sky
296,Pisco,PE,2022-07-20 18:08:01,-13.7,-76.2167,59.05,88,100,4.61,mist
297,Kavaratti,IN,2022-07-20 18:05:57,10.5669,72.642,81.21,80,100,19.04,light rain
298,Pedernales,DO,2022-07-20 18:11:15,18.0384,-71.744,90.39,53,1,3.76,clear sky
299,Nortelandia,BR,2022-07-20 18:11:15,-14.4547,-56.8028,95.49,17,81,6.71,broken clouds
300,Talnakh,RU,2022-07-20 18:06:05,69.4865,88.3972,53.31,72,83,2.64,broken clouds
301,Zhanaozen,KZ,2022-07-20 18:11:16,43.3,52.8,92.98,19,4,19.53,clear sky
302,Lopukhiv,UA,2022-07-20 18:11:16,48.3653,23.9638,66.85,67,7,4.56,clear sky
303,Takab,IR,2022-07-20 18:11:17,36.4009,47.1133,77.41,20,4,1.92,clear sky
304,Grand-Lahou,CI,2022-07-20 18:11:17,5.1367,-5.0242,76.1,70,100,8.5,overcast clouds
305,Nenjiang,CN,2022-07-20 18:06:09,49.1833,125.2167,65.86,89,6,2.91,clear sky
306,Acapulco,MX,2022-07-20 18:11:17,16.8634,-99.8901,87.62,70,40,8.05,scattered clouds
307,Yatou,CN,2022-07-20 18:11:18,37.15,122.3833,70.18,92,94,10.49,overcast clouds
308,Vao,NC,2022-07-20 18:06:16,-22.6667,167.4833,74.03,87,100,7.7,overcast clouds
309,Rockport,US,2022-07-20 18:06:27,28.0206,-97.0544,93.24,75,40,23.02,haze
310,Muros,ES,2022-07-20 18:07:14,42.7762,-9.0603,81.68,64,0,14.97,clear sky
311,Vac,HU,2022-07-20 18:11:18,47.7759,19.1361,92.32,23,4,0.67,clear sky
312,Boyolangu,ID,2022-07-20 18:07:02,-8.1181,111.8935,72.88,89,82,5.1,broken clouds
313,Zhanjiang,CN,2022-07-20 18:11:19,21.2815,110.3427,82.08,84,27,14.16,scattered clouds
314,Port Macquarie,AU,2022-07-20 18:06:54,-31.4333,152.9167,51.69,100,75,0.0,broken clouds
315,Nagyrede,HU,2022-07-20 18:11:19,47.7654,19.8482,84.49,27,7,3.51,clear sky
316,Aksu,CN,2022-07-20 18:11:19,41.1231,80.2644,80.56,20,0,6.44,clear sky
317,Cam Ranh,VN,2022-07-20 18:11:20,11.9214,109.1591,76.96,88,75,1.14,light rain
318,Sept-Iles,CA,2022-07-20 18:10:06,50.2001,-66.3821,71.71,53,28,11.92,scattered clouds
319,Ust-Tsilma,RU,2022-07-20 18:11:23,65.441,52.1498,70.2,52,55,6.04,broken clouds
320,Marrakesh,MA,2022-07-20 18:11:14,31.6315,-8.0083,98.67,22,75,10.36,broken clouds
321,Gela,IT,2022-07-20 18:11:24,37.0803,14.2307,85.28,63,43,3.0,scattered clouds
322,Bargteheide,DE,2022-07-20 18:11:24,53.7333,10.2667,89.89,55,30,12.5,scattered clouds
323,Kalundborg,DK,2022-07-20 18:11:24,55.6795,11.0886,77.34,60,4,13.53,clear sky
324,Dikson,RU,2022-07-20 18:05:37,73.5069,80.5464,44.02,67,10,21.52,clear sky
325,Sioux Lookout,CA,2022-07-20 18:05:43,50.1001,-91.917,71.85,76,100,9.17,overcast clouds
326,Key West,US,2022-07-20 18:11:25,24.5557,-81.7826,90.0,68,75,18.41,light rain
327,Norman Wells,CA,2022-07-20 18:07:41,65.282,-126.8329,72.23,43,77,2.1,broken clouds
328,Buchanan,LR,2022-07-20 18:11:25,5.8808,-10.0467,74.91,82,100,11.72,overcast clouds
329,Tibati,CM,2022-07-20 18:11:25,6.4667,12.6333,67.93,95,100,0.38,light rain
330,Namatanai,PG,2022-07-20 18:06:06,-3.6667,152.4333,78.08,82,87,7.27,overcast clouds
331,Barda,AZ,2022-07-20 18:11:26,40.3744,47.1267,85.28,45,0,15.48,clear sky
332,Padang,ID,2022-07-20 18:11:26,-0.9492,100.3543,76.69,86,65,3.8,broken clouds
333,Mehamn,NO,2022-07-20 18:07:29,71.0357,27.8492,55.35,94,20,2.3,few clouds
334,Macae,BR,2022-07-20 18:11:26,-22.3708,-41.7869,74.23,73,16,12.3,few clouds
335,Tecoanapa,MX,2022-07-20 18:11:27,16.5167,-98.75,86.36,59,40,8.48,scattered clouds
336,Betong,TH,2022-07-20 18:11:27,5.7743,101.0723,70.95,97,100,0.96,overcast clouds
337,Methoni,GR,2022-07-20 18:11:27,36.8197,21.7049,82.22,68,0,10.83,clear sky
338,Tessalit,ML,2022-07-20 18:11:28,20.1986,1.0114,79.11,65,83,15.23,moderate rain
339,Abu Dhabi,AE,2022-07-20 18:07:53,24.4667,54.3667,96.91,70,0,9.22,clear sky
340,Saint-Pierre,RE,2022-07-20 18:07:21,-21.3393,55.4781,71.28,52,0,8.05,clear sky
341,Labuhan,ID,2022-07-20 18:07:00,-6.8844,112.2051,75.11,82,60,9.84,broken clouds
342,Nakusp,CA,2022-07-20 18:11:28,50.2499,-117.8023,78.48,50,2,2.3,clear sky
343,Gondanglegi,ID,2022-07-20 18:11:29,-7.7479,112.0132,72.5,86,30,11.5,scattered clouds
344,Impfondo,CG,2022-07-20 18:11:29,1.6381,18.0667,77.95,75,93,1.74,overcast clouds
345,Iwanai,JP,2022-07-20 18:11:29,42.9744,140.5089,66.38,95,82,2.39,broken clouds
346,Talavera De La Reina,ES,2022-07-20 18:11:29,39.9635,-4.8308,99.3,8,0,3.78,clear sky
347,Te Anau,NZ,2022-07-20 18:09:04,-45.4167,167.7167,39.27,95,98,3.42,overcast clouds
348,Safaga,EG,2022-07-20 18:11:30,26.7292,33.9365,90.37,44,0,7.7,clear sky
349,Bengkulu,ID,2022-07-20 18:06:36,-3.8004,102.2655,76.68,89,83,3.27,broken clouds
350,Guozhen,CN,2022-07-20 18:11:30,34.3659,107.359,69.62,86,0,2.17,clear sky
351,Jumla,NP,2022-07-20 18:09:05,29.2747,82.1838,64.54,96,100,2.39,overcast clouds
352,Lewiston,US,2022-07-20 18:06:10,44.1003,-70.2148,92.71,55,20,4.61,few clouds
353,Bambous Virieux,MU,2022-07-20 18:06:41,-20.3428,57.7575,71.22,73,40,14.97,light rain
354,Orange,US,2022-07-20 18:09:56,33.7,-117.7675,93.24,63,100,9.22,overcast clouds
355,Ixtapa,MX,2022-07-20 18:11:31,20.7,-105.2,88.23,70,100,4.61,overcast clouds
356,Mahajanga,MG,2022-07-20 18:11:31,-15.7167,46.3167,75.33,56,15,17.69,few clouds
357,Port Lincoln,AU,2022-07-20 18:07:14,-34.7333,135.8667,50.25,77,25,8.3,scattered clouds
358,Hauterive,FR,2022-07-20 18:11:32,46.0901,3.4459,81.36,41,24,8.84,few clouds
359,Cayenne,GF,2022-07-20 18:06:02,4.9333,-52.3333,87.84,10,0,10.36,clear sky
360,Brae,GB,2022-07-20 18:06:43,60.3964,-1.353,56.77,83,72,12.37,broken clouds
361,Berezovka,BY,2022-07-20 18:11:32,53.7214,25.4993,60.96,79,19,7.87,few clouds
362,Khasan,RU,2022-07-20 18:06:44,42.4308,130.6434,66.81,96,89,2.39,overcast clouds
363,Palu,ID,2022-07-20 18:11:32,-0.8917,119.8707,75.13,91,9,2.75,clear sky
364,Lakes Entrance,AU,2022-07-20 18:11:33,-37.8811,147.981,42.66,83,2,6.8,clear sky
365,Luderitz,NA,2022-07-20 18:06:24,-26.6481,15.1594,58.46,59,0,21.61,clear sky
366,La Rioja,ES,2022-07-20 18:11:36,42.25,-2.5,78.58,51,0,6.58,clear sky
367,Ketchikan,US,2022-07-20 18:11:37,55.3422,-131.6461,57.67,88,100,12.66,overcast clouds
368,Dauphin,CA,2022-07-20 18:11:31,51.1494,-100.0502,74.61,57,38,15.59,scattered clouds
369,Saint George,US,2022-07-20 18:07:17,37.1041,-113.5841,103.78,21,0,1.99,clear sky
370,Bahia Blanca,AR,2022-07-20 18:11:21,-38.7196,-62.2724,66.22,38,37,20.18,scattered clouds
371,Yangambi,CD,2022-07-20 18:11:37,0.8102,24.4336,72.61,92,100,2.3,overcast clouds
372,Kastamonu,TR,2022-07-20 18:11:38,41.5,33.6667,54.55,86,32,4.94,scattered clouds
373,Jaguariaiva,BR,2022-07-20 18:11:38,-24.2511,-49.7058,73.06,59,7,3.31,clear sky
374,Eldorado,BR,2022-07-20 18:04:03,-23.7869,-54.2836,83.8,39,26,10.33,scattered clouds
375,Bichura,RU,2022-07-20 18:11:39,50.5881,107.6022,53.62,87,9,2.1,clear sky
376,Ulladulla,AU,2022-07-20 18:07:39,-35.35,150.4667,50.9,85,94,2.24,overcast clouds
377,Pangody,RU,2022-07-20 18:11:39,65.85,74.4859,58.26,49,70,8.21,broken clouds
378,Tabuk,PH,2022-07-20 18:08:37,17.4189,121.4443,76.17,90,10,1.92,clear sky
379,Tripoli,LY,2022-07-20 18:11:39,32.8752,13.1875,82.76,64,0,14.47,clear sky
380,Samarai,PG,2022-07-20 18:06:37,-10.6167,150.6667,79.88,81,36,9.86,scattered clouds
381,Koungou,YT,2022-07-20 18:11:40,-12.7336,45.2042,74.91,69,0,5.75,clear sky
382,Shush,IR,2022-07-20 18:11:40,32.1942,48.2436,108.93,10,0,9.64,clear sky
383,Nouna,BF,2022-07-20 18:11:40,12.7333,-3.8667,81.68,70,93,10.56,overcast clouds
384,Kaseda,JP,2022-07-20 18:11:41,31.4167,130.3167,81.25,94,100,11.23,overcast clouds
385,Saint-Augustin,CA,2022-07-20 18:11:41,51.226,-58.6502,56.73,91,100,12.64,overcast clouds
386,Fort Saint James,CA,2022-07-20 18:11:42,54.4333,-124.25,68.13,42,36,3.38,scattered clouds
387,Sinnamary,GF,2022-07-20 18:06:25,5.3833,-52.95,82.18,72,21,8.41,few clouds
388,Da Nang,VN,2022-07-20 18:08:55,16.0678,108.2208,80.58,89,20,1.14,few clouds
389,Mitsamiouli,KM,2022-07-20 18:07:48,-11.3847,43.2844,76.46,67,0,12.01,clear sky
390,Westport,US,2022-07-20 18:08:26,41.1415,-73.3579,97.09,58,0,11.5,clear sky
391,Medvedka,RU,2022-07-20 18:11:42,61.1629,46.387,53.73,97,43,3.62,scattered clouds
392,Awbari,LY,2022-07-20 18:11:42,26.5921,12.7805,90.16,18,3,9.24,clear sky
393,Uige,AO,2022-07-20 18:11:43,-7.6087,15.0613,73.18,51,28,3.65,scattered clouds
394,Nandi,IN,2022-07-20 18:11:43,13.3855,77.6984,79.66,73,100,10.07,overcast clouds
395,North Salt Lake,US,2022-07-20 18:11:05,40.8486,-111.9069,92.97,33,20,5.99,few clouds
396,Ambilobe,MG,2022-07-20 18:11:44,-13.2,49.05,70.77,63,53,10.54,broken clouds
397,Katsuura,JP,2022-07-20 18:07:00,35.1333,140.3,77.9,77,99,6.67,overcast clouds
398,Morant Bay,JM,2022-07-20 18:11:44,17.8815,-76.4093,90.72,67,9,14.67,clear sky
399,Birao,CF,2022-07-20 18:11:44,10.2849,22.7882,76.78,76,74,4.12,broken clouds
400,Colac,AU,2022-07-20 18:11:44,-38.3333,143.5833,41.83,91,0,4.45,clear sky
401,Paita,PE,2022-07-20 18:11:45,-5.0892,-81.1144,69.6,68,36,14.32,scattered clouds
402,Valmiera,LV,2022-07-20 18:11:45,57.5411,25.4275,68.16,63,35,8.66,scattered clouds
403,Hambantota,LK,2022-07-20 18:05:35,6.1241,81.1185,79.36,84,96,18.75,overcast clouds
404,Pauini,BR,2022-07-20 18:11:45,-7.7136,-66.9764,94.64,29,10,3.0,clear sky
405,Neryungri,RU,2022-07-20 18:11:46,56.6709,124.6491,56.77,94,39,4.36,scattered clouds
406,Agadez,NE,2022-07-20 18:11:46,19.75,10.25,94.82,11,4,8.61,clear sky
407,Havelock,US,2022-07-20 18:11:49,34.8791,-76.9013,92.05,79,40,12.66,scattered clouds
408,Kamaishi,JP,2022-07-20 18:11:50,39.2667,141.8833,68.43,94,42,4.52,scattered clouds
409,Ciudad Bolivar,VE,2022-07-20 18:07:39,8.1222,-63.5497,87.94,58,89,1.66,overcast clouds
410,Crestview,US,2022-07-20 18:11:50,30.7621,-86.5705,92.79,47,30,6.73,moderate rain
411,Anchorage,US,2022-07-20 18:09:07,61.2181,-149.9003,55.85,92,100,8.05,moderate rain
412,Moyale,KE,2022-07-20 18:11:50,3.5167,39.0584,69.75,58,100,11.12,overcast clouds
413,Plettenberg Bay,ZA,2022-07-20 18:09:06,-34.0527,23.3716,55.04,83,94,1.54,overcast clouds
414,Leningradskiy,RU,2022-07-20 18:05:43,69.3833,178.4167,32.79,97,100,17.47,light snow
415,Berlevag,NO,2022-07-20 18:07:46,70.8578,29.0864,55.4,94,100,2.3,overcast clouds
416,Rocha,UY,2022-07-20 18:07:26,-34.4833,-54.3333,62.17,69,1,12.35,clear sky
417,Onguday,RU,2022-07-20 18:11:51,50.75,86.15,51.67,73,97,3.96,overcast clouds
418,Sao Joao Da Barra,BR,2022-07-20 18:07:31,-21.6403,-41.0511,78.89,76,55,9.98,broken clouds
419,Lazaro Cardenas,MX,2022-07-20 18:02:43,17.9583,-102.2,88.75,62,66,4.61,broken clouds
420,Rapu-Rapu,PH,2022-07-20 18:11:51,13.1866,124.1256,83.84,78,95,9.89,overcast clouds
421,Vangaindrano,MG,2022-07-20 18:11:52,-23.35,47.6,66.36,90,35,7.4,moderate rain
422,Darhan,MN,2022-07-20 18:11:52,49.4867,105.9228,56.59,75,85,3.53,overcast clouds
423,Baruun-Urt,MN,2022-07-20 18:11:52,46.6806,113.2792,68.95,53,88,7.63,overcast clouds
424,Tura,IN,2022-07-20 18:11:53,25.5198,90.2201,75.56,94,100,5.41,overcast clouds
425,Huancabamba,PE,2022-07-20 18:11:53,-5.2386,-79.4506,70.79,48,41,5.61,scattered clouds
426,Kiunga,PG,2022-07-20 18:11:54,-6.1219,141.2906,72.9,100,100,0.47,heavy intensity rain
427,Muscle Shoals,US,2022-07-20 18:11:54,34.7448,-87.6675,93.85,65,0,14.97,clear sky
428,Baculin,PH,2022-07-20 18:11:54,7.4525,126.5842,78.39,83,87,3.74,overcast clouds
429,Arona,ES,2022-07-20 18:11:55,28.0996,-16.681,79.7,42,0,20.71,clear sky
430,Buraydah,SA,2022-07-20 18:11:55,26.326,43.975,96.96,8,0,10.83,clear sky
431,Kangaatsiaq,GL,2022-07-20 18:11:55,68.3065,-53.4641,48.94,66,100,10.47,overcast clouds
432,Sao Felix Do Xingu,BR,2022-07-20 18:11:56,-6.6447,-51.995,96.75,23,2,2.75,clear sky
433,Mocuba,MZ,2022-07-20 18:11:56,-16.8392,36.9856,66.87,82,60,4.25,broken clouds
434,Saldanha,ZA,2022-07-20 18:05:40,-33.0117,17.9442,54.36,61,0,13.67,clear sky
435,Kompaniyivka,UA,2022-07-20 18:11:56,48.2511,32.208,74.41,45,89,8.99,overcast clouds
436,San Alberto,CO,2022-07-20 18:07:44,7.7611,-73.3922,88.14,68,35,4.25,scattered clouds
437,Catalina,US,2022-07-20 18:11:57,32.5056,-110.9211,95.09,37,91,3.0,overcast clouds
438,Souris,CA,2022-07-20 18:11:57,49.6172,-100.2612,76.73,59,3,12.84,clear sky
439,Kaputa,ZM,2022-07-20 18:11:58,-8.4689,29.6619,74.07,45,10,2.98,clear sky
440,Sillamae,EE,2022-07-20 18:11:58,59.3997,27.7547,66.72,66,15,17.4,few clouds
441,Sisimiut,GL,2022-07-20 18:06:10,66.9395,-53.6735,48.63,77,100,2.71,overcast clouds
442,High Level,CA,2022-07-20 18:09:22,58.5169,-117.136,71.78,37,13,10.47,few clouds
443,Kenai,US,2022-07-20 18:11:58,60.5544,-151.2583,56.08,85,100,10.36,overcast clouds
444,Panzhihua,CN,2022-07-20 18:11:59,26.5851,101.7128,68.97,95,100,0.6,overcast clouds
445,Leh,IN,2022-07-20 18:08:00,34.1667,77.5833,68.27,15,78,11.88,broken clouds
446,Nizwa,OM,2022-07-20 18:11:59,22.9333,57.5333,86.13,71,84,1.23,light rain
447,Nabire,ID,2022-07-20 18:11:59,-3.3667,135.4833,73.74,93,100,3.22,overcast clouds
448,Chupa,RU,2022-07-20 18:12:00,66.27,33.0549,66.51,82,83,4.05,broken clouds
449,Penzance,GB,2022-07-20 18:12:00,50.1186,-5.5371,65.08,74,80,15.52,broken clouds
450,Bentiu,SS,2022-07-20 18:12:00,9.2333,29.8333,73.92,87,81,0.67,broken clouds
451,Yegorlykskaya,RU,2022-07-20 18:12:01,46.5656,40.6562,74.3,39,3,5.82,clear sky
452,Mikhaylovka,RU,2022-07-20 18:12:01,50.06,43.2379,69.71,56,66,3.49,broken clouds
453,Abu Samrah,SY,2022-07-20 18:06:21,35.3029,37.1841,84.22,36,0,13.38,clear sky
454,Narasannapeta,IN,2022-07-20 18:06:55,18.4167,84.05,83.98,82,99,5.28,overcast clouds
455,Anton Lizardo,MX,2022-07-20 18:12:04,19.05,-95.9833,90.21,67,100,9.13,overcast clouds
456,Phalodi,IN,2022-07-20 18:08:20,27.1333,72.3667,92.71,53,44,20.2,scattered clouds
457,Kuppam,IN,2022-07-20 18:12:05,12.75,78.3667,77.86,70,98,2.62,overcast clouds
458,Yulara,AU,2022-07-20 18:07:05,-25.2406,130.9889,47.77,47,12,10.58,few clouds
459,Shizunai,JP,2022-07-20 18:12:06,42.3339,142.3669,65.08,99,99,2.04,overcast clouds
460,Ukiah,US,2022-07-20 18:12:06,39.1502,-123.2078,96.44,24,0,3.44,clear sky
461,Itarema,BR,2022-07-20 18:05:59,-2.9248,-39.9167,83.07,60,58,16.55,broken clouds
462,Serchhip,IN,2022-07-20 18:12:06,23.3,92.8333,67.64,99,99,1.63,overcast clouds
463,Umm Lajj,SA,2022-07-20 18:07:54,25.0213,37.2685,89.62,53,1,7.47,clear sky
464,Muravlenko,RU,2022-07-20 18:12:07,63.7898,74.523,60.33,55,63,5.41,broken clouds
465,Port Hawkesbury,CA,2022-07-20 18:09:08,45.6169,-61.3485,76.91,70,11,15.01,few clouds
466,Alofi,NU,2022-07-20 18:05:53,-19.0595,-169.9187,75.74,72,36,25.41,scattered clouds
467,Tuskegee,US,2022-07-20 18:12:07,32.424,-85.6916,93.09,83,94,3.0,overcast clouds
468,Porto Novo,BJ,2022-07-20 18:07:33,6.4965,2.6036,76.03,69,92,9.73,overcast clouds
469,Jamame,SO,2022-07-20 18:12:07,0.0722,42.7506,74.01,78,49,10.8,scattered clouds
470,Bokoro,TD,2022-07-20 18:12:08,12.3807,17.0568,83.82,64,58,9.08,light rain
471,Aranda De Duero,ES,2022-07-20 18:09:29,41.6704,-3.6892,90.34,14,0,7.61,clear sky
472,Solnechnyy,RU,2022-07-20 18:06:38,50.7214,136.6319,57.81,95,99,4.83,overcast clouds
473,Clonakilty,IE,2022-07-20 18:12:08,51.6231,-8.8706,65.08,60,65,13.65,broken clouds
474,Port Hardy,CA,2022-07-20 18:06:27,50.6996,-127.4199,59.27,80,31,6.11,scattered clouds
475,San Cristobal,VE,2022-07-20 18:08:33,7.7669,-72.225,77.18,57,59,8.12,broken clouds
476,Somerset,US,2022-07-20 18:12:09,40.5668,-74.5496,99.21,42,0,9.22,clear sky
477,Zhuhai,CN,2022-07-20 18:05:36,22.2769,113.5678,85.86,84,20,8.05,few clouds
478,Lere,NG,2022-07-20 18:12:10,10.387,8.5726,68.49,98,100,3.27,heavy intensity rain
479,Hollola,FI,2022-07-20 18:12:10,61.05,25.4333,65.79,59,40,5.06,scattered clouds
480,Saint-Denis,FR,2022-07-20 18:12:10,48.9167,2.3333,74.01,78,0,14.97,clear sky
481,Magadan,RU,2022-07-20 18:12:10,59.5667,150.8,53.22,93,48,0.25,scattered clouds
482,Progreso,MX,2022-07-20 18:06:57,21.2833,-89.6667,96.12,62,4,16.2,clear sky
483,Mastic Beach,US,2022-07-20 18:06:26,40.7668,-72.8521,94.53,63,7,12.82,clear sky
484,Simbahan,PH,2022-07-20 18:12:11,6.3032,120.5836,82.6,72,16,3.0,few clouds
485,Ozinki,RU,2022-07-20 18:12:11,51.1786,49.6769,69.6,51,45,2.93,scattered clouds
486,Kloulklubed,PW,2022-07-20 18:12:11,7.0419,134.2556,82.8,71,81,0.85,broken clouds
487,Pacific Grove,US,2022-07-20 18:03:27,36.6177,-121.9166,74.21,90,40,11.99,scattered clouds
488,Hualmay,PE,2022-07-20 18:08:05,-11.0964,-77.6139,66.43,70,56,9.53,broken clouds
489,San Luis,AR,2022-07-20 18:11:18,-33.295,-66.3356,68.11,26,3,15.28,clear sky
490,Macusani,PE,2022-07-20 18:12:12,-14.0833,-70.4333,49.93,20,80,10.85,broken clouds
491,Miyako,JP,2022-07-20 18:12:12,39.6367,141.9525,67.39,96,40,4.63,light rain
492,Ryotsu,JP,2022-07-20 18:12:13,38.0833,138.4333,71.69,84,91,3.38,overcast clouds
493,Victor Harbor,AU,2022-07-20 18:12:13,-35.5667,138.6167,44.67,85,70,7.2,broken clouds
494,Mae Hong Son,TH,2022-07-20 18:12:13,19.3003,97.9685,75.9,98,100,1.95,moderate rain
495,Pierre,US,2022-07-20 18:12:14,44.3683,-100.351,93.85,28,0,13.0,clear sky
496,Nome,US,2022-07-20 18:07:16,64.5011,-165.4064,48.27,87,100,20.71,moderate rain
497,Trincomalee,LK,2022-07-20 18:12:14,8.5711,81.2335,81.54,79,65,10.47,broken clouds
498,Buala,SB,2022-07-20 18:12:14,-8.145,159.5921,78.4,79,61,6.67,broken clouds
499,Cananeia,BR,2022-07-20 18:12:15,-25.0147,-47.9267,68.76,73,48,4.16,scattered clouds
500,Port Hedland,AU,2022-07-20 18:07:30,-20.3167,118.5667,57.25,72,0,6.91,clear sky
501,Muhos,FI,2022-07-20 18:12:15,64.808,25.9931,64.18,75,92,5.39,overcast clouds
502,Minot,US,2022-07-20 18:12:16,48.2325,-101.2963,84.42,51,0,5.75,clear sky
503,Northam,GB,2022-07-20 18:12:16,51.0333,-4.2167,64.62,78,88,16.64,overcast clouds
504,Krasnoselkup,RU,2022-07-20 18:12:19,65.7,82.4667,52.79,75,100,4.94,overcast clouds
505,Filingue,NE,2022-07-20 18:12:20,14.3521,3.3168,93.45,38,57,3.8,light rain
506,Gao,ML,2022-07-20 18:06:27,16.6362,1.637,92.41,39,89,6.29,overcast clouds
507,Gigmoto,PH,2022-07-20 18:12:20,13.7796,124.39,81.36,86,95,5.91,overcast clouds
508,Lalmohan,BD,2022-07-20 18:12:21,22.3384,90.7419,82.65,84,92,8.75,overcast clouds
509,Panjab,AF,2022-07-20 18:12:21,34.388,67.0233,62.28,23,0,6.53,clear sky
510,Yamada,JP,2022-07-20 18:12:21,39.4667,141.95,67.6,96,48,4.83,scattered clouds
511,Luganville,VU,2022-07-20 18:12:22,-15.5333,167.1667,78.28,86,45,8.32,scattered clouds
512,Matamoros,MX,2022-07-20 18:11:50,25.5333,-103.25,89.71,27,75,0.0,broken clouds
513,Borovoy,RU,2022-07-20 18:12:22,55.4333,86.0833,60.08,88,40,11.18,light intensity shower rain
514,Ghazipur,IN,2022-07-20 18:12:22,25.5833,83.5667,83.97,77,100,9.6,light rain
515,Manoel Urbano,BR,2022-07-20 18:12:22,-8.8389,-69.2597,93.74,28,0,3.09,clear sky
516,Morro Bay,US,2022-07-20 18:11:17,35.3658,-120.8499,94.71,53,23,7.0,few clouds
517,Trelew,AR,2022-07-20 18:12:23,-43.249,-65.3051,58.51,46,98,23.69,overcast clouds
518,Burlington,US,2022-07-20 18:07:29,39.8835,-74.6413,99.09,43,0,6.91,clear sky
519,Beyneu,KZ,2022-07-20 18:12:23,45.3167,55.2,89.22,27,71,17.74,broken clouds
520,Darya Khan,PK,2022-07-20 18:12:24,31.7912,71.1039,99.45,38,29,16.49,light rain
521,Vila,PT,2022-07-20 18:12:24,42.0304,-8.1588,80.71,45,0,4.43,clear sky
522,Simpang,ID,2022-07-20 18:07:12,-1.2667,104.0833,74.46,98,59,2.8,broken clouds
523,Gornopravdinsk,RU,2022-07-20 18:12:24,60.05,69.9,62.71,76,100,4.29,overcast clouds
524,Sturgeon Falls,CA,2022-07-20 18:12:25,46.3646,-79.9326,82.62,54,93,15.28,overcast clouds
525,Guye,CN,2022-07-20 18:12:25,39.7333,118.4167,67.08,94,14,1.5,few clouds
526,Thinadhoo,MV,2022-07-20 18:08:13,0.5333,72.9333,81.27,73,100,8.63,overcast clouds
527,Port Augusta,AU,2022-07-20 18:12:25,-32.5,137.7667,42.78,83,6,5.46,clear sky
528,Mareeba,AU,2022-07-20 18:06:57,-17.0,145.4333,65.12,90,11,2.53,few clouds
529,Lower Hutt,NZ,2022-07-20 18:12:26,-41.2167,174.9167,47.32,94,75,3.44,moderate rain
530,La Ronge,CA,2022-07-20 18:03:09,55.1001,-105.2842,63.91,55,31,15.59,scattered clouds
531,Palompon,PH,2022-07-20 18:12:26,11.0508,124.3843,80.62,82,69,3.27,broken clouds
532,Ayan,RU,2022-07-20 18:09:49,56.45,138.1667,57.09,96,100,4.05,overcast clouds
533,Necochea,AR,2022-07-20 18:10:09,-38.5473,-58.7368,63.34,50,1,20.49,clear sky
534,Letka,RU,2022-07-20 18:12:26,59.6011,49.4232,53.89,94,98,1.7,overcast clouds
535,Ekhabi,RU,2022-07-20 18:12:27,53.5102,142.9671,54.0,98,99,6.73,overcast clouds
536,Margate,GB,2022-07-20 18:05:40,51.3813,1.3862,77.88,63,48,4.0,scattered clouds
537,Rudbar,AF,2022-07-20 18:12:27,30.15,62.6,96.08,12,4,8.1,clear sky
538,Yumen,CN,2022-07-20 18:12:27,40.2833,97.2,62.01,60,99,23.33,light rain
539,Kirovskiy,RU,2022-07-20 18:12:28,45.0917,133.5136,63.9,97,14,2.89,few clouds
540,Maniitsoq,GL,2022-07-20 18:12:28,65.4167,-52.9,45.27,93,100,10.45,overcast clouds
541,Odweyne,SO,2022-07-20 18:12:29,9.4092,45.064,71.82,54,98,18.66,overcast clouds
542,Alugan,PH,2022-07-20 18:12:29,12.2188,125.4808,81.25,81,81,6.67,broken clouds
543,Demba,CD,2022-07-20 18:12:29,-5.51,22.2667,78.62,38,44,3.2,scattered clouds
544,Kyzyl-Suu,KG,2022-07-20 18:12:30,42.3414,78.0056,61.29,37,0,5.06,clear sky
545,Francisco Sa,BR,2022-07-20 18:12:31,-16.4758,-43.4883,84.67,21,3,11.36,clear sky
546,Gotsu,JP,2022-07-20 18:12:31,35.0,132.2167,73.49,70,99,6.29,overcast clouds
547,Broome,US,2022-07-20 18:06:00,42.2506,-75.833,93.47,52,20,6.91,few clouds
548,Usinsk,RU,2022-07-20 18:12:31,65.9939,57.5281,64.29,60,7,10.02,clear sky
549,Cairns,AU,2022-07-20 18:08:55,-16.9167,145.7667,69.75,78,100,5.75,overcast clouds
550,Umm Kaddadah,SD,2022-07-20 18:12:35,13.6017,26.6876,89.19,39,42,6.33,scattered clouds
551,Kholodnyy,RU,2022-07-20 18:12:35,62.7167,147.95,58.78,89,100,4.52,light rain
552,Petropavlovsk-Kamchatskiy,RU,2022-07-20 18:06:46,53.0452,158.6483,52.45,94,98,0.89,overcast clouds
553,Costinesti,RO,2022-07-20 18:12:36,43.95,28.6333,78.04,47,0,7.0,clear sky
554,Tommot,RU,2022-07-20 18:12:36,58.9564,126.2925,59.88,97,37,1.74,scattered clouds
555,Ginir,ET,2022-07-20 18:12:36,7.1333,40.7,60.06,73,100,4.25,overcast clouds
556,Hailey,US,2022-07-20 18:12:37,43.5196,-114.3153,87.8,29,20,8.05,few clouds
557,Aykhal,RU,2022-07-20 18:08:53,66.0,111.5,52.95,62,97,6.02,overcast clouds
558,Moura,PT,2022-07-20 18:12:37,38.1401,-7.4486,99.97,10,0,5.91,clear sky
559,Tres Lagoas,BR,2022-07-20 18:09:41,-20.7511,-51.6783,89.83,20,5,7.38,clear sky
560,Maragogi,BR,2022-07-20 18:06:43,-9.0122,-35.2225,77.07,82,37,11.25,scattered clouds
561,Olonets,RU,2022-07-20 18:12:38,60.9847,32.9698,69.17,72,36,11.52,scattered clouds
562,Jurado,CO,2022-07-20 18:12:38,7.1053,-77.7641,81.97,80,95,6.58,light rain
563,Amazar,RU,2022-07-20 18:12:38,53.858,120.875,59.11,97,90,2.42,overcast clouds
564,Tezu,IN,2022-07-20 18:12:38,27.9167,96.1667,76.35,98,98,2.28,overcast clouds
565,Saint-Joseph,RE,2022-07-20 18:12:39,-21.3667,55.6167,66.58,71,24,15.21,few clouds
566,Port-Gentil,GA,2022-07-20 18:06:51,-0.7193,8.7815,76.96,83,75,9.22,broken clouds
567,Macheng,CN,2022-07-20 18:12:39,31.1783,115.0319,75.16,96,96,1.43,overcast clouds
568,Catamarca,AR,2022-07-20 18:10:45,-28.4696,-65.7852,72.93,29,79,5.06,broken clouds
569,Batagay-Alyta,RU,2022-07-20 18:12:18,67.8006,130.4114,38.05,87,100,0.38,overcast clouds
570,Amga,RU,2022-07-20 18:08:00,60.8953,131.9608,64.27,87,69,3.11,broken clouds
571,Ambarnath,IN,2022-07-20 18:12:40,19.2,73.1667,82.0,86,42,6.35,scattered clouds
572,Marzuq,YE,2022-07-20 18:07:31,14.4,46.4667,79.95,56,100,8.32,overcast clouds
573,Mollendo,PE,2022-07-20 18:12:40,-17.0231,-72.0147,63.36,75,93,6.85,overcast clouds
574,Leova,MD,2022-07-20 18:12:40,46.4786,28.2553,78.1,33,24,2.71,few clouds
575,Leshukonskoye,RU,2022-07-20 18:12:41,64.8989,45.7622,68.79,56,62,3.53,broken clouds
576,Nata,PA,2022-07-20 18:12:41,8.3333,-80.5167,85.87,71,100,5.66,overcast clouds
577,Sistranda,NO,2022-07-20 18:12:42,63.7256,8.834,62.56,95,100,4.27,light rain
578,Hayden,US,2022-07-20 18:12:42,47.766,-116.7866,82.78,38,0,5.75,clear sky
579,Jiwani,PK,2022-07-20 18:12:42,25.05,61.7417,82.9,83,100,13.47,overcast clouds
580,Rokytne,UA,2022-07-20 18:12:42,51.2796,27.214,63.77,67,38,9.08,scattered clouds
581,Quelimane,MZ,2022-07-20 18:09:22,-17.8786,36.8883,68.99,84,26,4.97,scattered clouds
582,Inirida,CO,2022-07-20 18:12:43,3.8653,-67.9239,86.31,62,87,1.7,overcast clouds
583,Estelle,US,2022-07-20 18:12:43,29.8458,-90.1067,97.0,55,40,5.01,scattered clouds
584,Mabiton,PH,2022-07-20 18:12:43,12.8334,123.2612,83.44,78,79,12.08,broken clouds
585,Phonhong,LA,2022-07-20 18:12:44,18.5007,102.4166,77.31,94,100,2.13,overcast clouds
586,Gaoua,BF,2022-07-20 18:12:44,10.2992,-3.2508,80.85,65,68,3.56,broken clouds
587,Pokhara,NP,2022-07-20 18:12:44,28.2333,83.9833,72.73,91,100,2.06,moderate rain
588,Faya,SA,2022-07-20 18:12:45,18.3851,42.4509,66.72,60,100,7.94,overcast clouds
589,Verkhnyaya Maksakovka,RU,2022-07-20 18:12:45,61.635,50.9674,62.62,82,20,4.47,few clouds
590,Kapit,MY,2022-07-20 18:12:45,2.0167,112.9333,73.54,99,67,0.49,broken clouds
591,Maumelle,US,2022-07-20 18:10:19,34.8668,-92.4043,93.58,59,81,3.0,broken clouds
592,Cabrobo,BR,2022-07-20 18:12:46,-8.5142,-39.31,79.38,54,89,14.67,overcast clouds
593,Nuevitas,CU,2022-07-20 18:12:46,21.5453,-77.2644,87.82,56,28,12.26,scattered clouds
594,Wuxue,CN,2022-07-20 18:12:46,29.8506,115.5525,78.24,94,99,2.26,overcast clouds
595,Christchurch,NZ,2022-07-20 18:08:16,-43.5333,172.6333,43.0,93,75,26.46,moderate rain
596,Mount Isa,AU,2022-07-20 18:01:49,-20.7333,139.5,55.17,35,0,8.05,clear sky
597,Katangli,RU,2022-07-20 18:12:50,51.7102,143.2326,52.32,99,99,8.32,overcast clouds
598,Novi Pazar,RS,2022-07-20 18:12:50,43.1367,20.5122,69.73,51,0,1.43,clear sky
599,Pudozh,RU,2022-07-20 18:12:51,61.8099,36.5345,64.42,87,11,5.5,few clouds
600,Manggar,ID,2022-07-20 18:12:51,-2.8833,108.2667,82.04,80,43,11.99,scattered clouds
601,Bubaque,GW,2022-07-20 18:12:20,11.2833,-15.8333,76.3,92,100,16.44,moderate rain
602,Prince George,CA,2022-07-20 18:10:09,53.9166,-122.753,67.24,58,20,1.99,few clouds
603,Kutum,SD,2022-07-20 18:07:18,14.2,24.6667,78.93,53,90,5.06,light rain
604,Batagay,RU,2022-07-20 18:06:51,67.6333,134.6333,40.19,88,85,3.15,overcast clouds
605,Visnes,NO,2022-07-20 18:12:52,59.3556,5.2242,64.81,88,40,14.97,light rain
606,Durban,ZA,2022-07-20 18:12:52,-29.8579,31.0292,64.02,88,40,1.99,scattered clouds
607,Saint-Francois,FR,2022-07-20 18:12:52,46.4154,3.9054,74.64,57,40,18.41,scattered clouds
608,Ubinskoye,RU,2022-07-20 18:12:53,55.3068,79.6802,62.49,69,100,6.29,overcast clouds
609,Prince Rupert,CA,2022-07-20 18:05:57,54.3161,-130.3201,57.24,80,99,4.63,overcast clouds
610,Lucenec,SK,2022-07-20 18:12:53,48.3325,19.6671,81.3,38,3,3.74,clear sky
611,Oudtshoorn,ZA,2022-07-20 18:12:53,-33.5907,22.2014,52.16,89,88,1.68,overcast clouds
612,Kamenka,RU,2022-07-20 18:12:54,51.3223,42.7678,65.55,59,72,7.92,broken clouds
613,Konevo,RU,2022-07-20 18:12:54,62.1215,39.3192,63.23,86,74,7.74,broken clouds
614,Fredericton,CA,2022-07-20 18:11:30,45.9454,-66.6656,78.42,45,0,5.01,clear sky
615,Fairbanks,US,2022-07-20 18:10:02,64.8378,-147.7164,59.49,80,75,4.61,broken clouds
616,Serabu,SL,2022-07-20 18:12:55,7.7958,-12.0536,72.63,97,100,4.56,light rain
617,Rio Grande,BR,2022-07-20 18:04:55,-32.035,-52.0986,69.91,84,1,11.68,clear sky
618,Opuwo,NA,2022-07-20 18:07:11,-18.0607,13.84,65.75,25,0,7.96,clear sky
619,Pemba,MZ,2022-07-20 18:08:57,-12.974,40.5178,74.1,73,40,8.05,scattered clouds
620,Constantine,DZ,2022-07-20 18:12:55,36.365,6.6147,83.61,51,20,13.8,few clouds
621,Ranong,TH,2022-07-20 18:07:07,9.9658,98.6348,76.1,92,100,8.12,moderate rain
622,Krasnogorskoye,RU,2022-07-20 18:12:55,52.2953,86.1979,55.47,75,76,4.81,broken clouds
623,Itoman,JP,2022-07-20 18:12:56,26.1247,127.6694,84.22,89,20,9.22,few clouds
624,Ihosy,MG,2022-07-20 18:12:56,-22.4,46.1167,57.33,94,11,6.96,few clouds
625,Bay Roberts,CA,2022-07-20 18:12:57,47.5999,-53.2648,72.05,79,52,8.99,broken clouds
626,Deputatskiy,RU,2022-07-20 18:07:28,69.3,139.9,32.65,97,74,3.04,broken clouds
627,Bichena,ET,2022-07-20 18:06:07,10.45,38.2,52.86,96,100,0.92,light rain
628,Novoagansk,RU,2022-07-20 18:12:57,61.9449,76.6625,59.23,63,91,2.62,overcast clouds
629,Changji,CN,2022-07-20 18:12:57,44.0167,87.3167,74.19,33,0,8.95,clear sky
630,Goderich,CA,2022-07-20 18:12:58,43.7501,-81.7165,84.52,58,85,19.57,overcast clouds
631,Ribeira Brava,PT,2022-07-20 18:12:58,32.65,-17.0667,77.72,77,0,3.47,clear sky
632,Shingu,JP,2022-07-20 18:06:24,33.7333,135.9833,75.13,71,99,5.35,overcast clouds
633,Lukiv,UA,2022-07-20 18:12:58,51.0521,25.4006,66.9,64,37,11.48,scattered clouds
634,Shediac,CA,2022-07-20 18:12:59,46.2198,-64.5411,85.08,44,40,18.41,scattered clouds
635,Pochutla,MX,2022-07-20 18:07:07,15.7432,-96.4661,93.81,55,99,5.84,overcast clouds
636,Yatsushiro,JP,2022-07-20 18:12:59,32.5,130.6,80.19,96,100,6.8,overcast clouds
637,Volgograd,RU,2022-07-20 18:12:59,48.7194,44.5018,74.17,35,0,4.47,clear sky
638,Topeka,US,2022-07-20 18:08:17,39.0483,-95.678,93.58,38,0,13.8,clear sky
639,Yoichi,JP,2022-07-20 18:13:00,43.2039,140.7703,65.1,90,27,4.9,scattered clouds
640,Outlook,CA,2022-07-20 18:07:22,51.5001,-107.0513,72.23,39,0,16.78,clear sky
641,Kargil,IN,2022-07-20 18:13:00,34.5667,76.1,64.08,47,98,5.06,overcast clouds
642,Bairnsdale,AU,2022-07-20 18:13:04,-37.8333,147.6167,38.41,91,3,3.58,clear sky
643,Oranjemund,NA,2022-07-20 18:13:04,-28.55,16.4333,54.19,80,4,23.15,clear sky
644,Kolvereid,NO,2022-07-20 18:13:05,64.8655,11.6047,65.28,95,100,2.75,overcast clouds
645,Cartagena,CO,2022-07-20 18:10:03,10.3997,-75.5144,89.22,70,40,16.11,scattered clouds
646,Sulangan,PH,2022-07-20 18:13:05,11.1373,123.7228,83.97,74,49,3.76,scattered clouds
647,Bonthe,SL,2022-07-20 18:13:06,7.5264,-12.505,75.13,87,100,10.45,light rain
648,Boa Vista,BR,2022-07-20 18:07:01,2.8197,-60.6733,85.98,58,75,5.75,broken clouds
649,Nanakuli,US,2022-07-20 18:13:06,21.3906,-158.1547,82.35,54,0,8.05,clear sky
650,Richards Bay,ZA,2022-07-20 18:06:56,-28.783,32.0377,65.77,85,31,7.58,scattered clouds
651,Milkovo,RU,2022-07-20 18:13:07,54.7167,158.6167,61.75,78,0,2.53,clear sky
652,Magistralnyy,RU,2022-07-20 18:13:07,56.1725,107.4458,51.06,97,32,2.15,scattered clouds
653,Nalut,LY,2022-07-20 18:13:07,30.3333,10.85,92.37,15,0,8.68,clear sky
654,Hami,CN,2022-07-20 18:08:02,42.8,93.45,65.8,59,76,4.36,broken clouds
655,Encruzilhada Do Sul,BR,2022-07-20 18:13:08,-30.5439,-52.5219,65.71,77,1,5.28,clear sky
656,Ancud,CL,2022-07-20 18:06:54,-41.8697,-73.8203,42.22,68,100,16.71,overcast clouds
657,Maracacume,BR,2022-07-20 18:13:08,-2.0428,-45.9592,84.88,61,29,5.57,scattered clouds
658,Barcelos,PT,2022-07-20 18:10:44,41.5388,-8.6151,88.92,49,0,8.28,clear sky
659,Nadvoitsy,RU,2022-07-20 18:13:09,63.8667,34.3167,64.36,67,1,12.33,clear sky
660,Metsavan,AM,2022-07-20 18:13:09,41.2016,44.2288,62.17,72,8,2.62,clear sky
661,Brewster,US,2022-07-20 18:13:09,41.3973,-73.6171,97.61,49,0,3.44,clear sky
662,Sorsk,RU,2022-07-20 18:13:10,54.0033,90.2467,50.5,85,83,3.85,broken clouds
663,West Plains,US,2022-07-20 18:13:10,36.7281,-91.8524,100.81,54,0,9.22,clear sky
664,Dimbokro,CI,2022-07-20 18:13:10,6.6451,-4.7048,74.26,79,100,5.17,overcast clouds
665,High Rock,BS,2022-07-20 18:13:11,26.6208,-78.2833,84.11,70,2,9.89,clear sky
666,Foso,GH,2022-07-20 18:13:11,5.7012,-1.2866,74.93,65,55,7.09,broken clouds
667,Altay,CN,2022-07-20 18:13:11,47.8667,88.1167,57.0,53,32,6.24,scattered clouds
668,Abuyog,PH,2022-07-20 18:13:11,10.6667,125.05,78.21,91,99,1.79,overcast clouds
669,Pemangkat,ID,2022-07-20 18:13:12,1.1667,108.9667,79.75,83,14,0.49,few clouds
670,Maceio,BR,2022-07-20 18:13:12,-9.6658,-35.7353,76.44,88,100,17.27,light rain
671,Biak,ID,2022-07-20 18:06:36,-0.9131,122.8766,75.2,85,20,3.85,few clouds
672,Petrivka,UA,2022-07-20 18:13:13,46.9695,30.9591,76.46,39,29,6.76,scattered clouds
673,Mahibadhoo,MV,2022-07-20 18:13:13,3.7833,72.9667,77.43,84,100,10.42,overcast clouds
674,Samandag,TR,2022-07-20 18:13:13,36.0842,35.9771,82.92,80,0,7.14,clear sky
675,Iaciara,BR,2022-07-20 18:13:14,-14.0958,-46.6317,89.44,22,4,7.38,clear sky
676,Praia,CV,2022-07-20 18:13:14,14.9215,-23.5087,81.14,74,75,8.05,broken clouds
677,Shimoda,JP,2022-07-20 18:05:52,34.6667,138.95,76.1,82,81,2.44,broken clouds
678,Princeton,US,2022-07-20 18:13:15,25.5384,-80.4089,93.0,64,0,12.66,clear sky
679,Yei,SS,2022-07-20 18:13:15,4.095,30.6779,67.91,88,46,2.73,scattered clouds
680,Ronde,DK,2022-07-20 18:13:15,56.3014,10.4751,86.43,52,9,8.05,clear sky
681,Navolato,MX,2022-07-20 18:13:16,24.7672,-107.6944,96.13,56,70,7.43,broken clouds
682,Eydhafushi,MV,2022-07-20 18:13:16,5.1033,73.0708,80.08,79,100,14.43,light rain
683,Rorvik,NO,2022-07-20 18:06:10,64.8621,11.2373,66.18,94,75,3.44,broken clouds
684,Antanifotsy,MG,2022-07-20 18:13:16,-19.65,47.3167,50.11,92,99,7.18,overcast clouds
685,Poniatowa,PL,2022-07-20 18:13:17,51.1798,22.1309,76.91,65,6,7.9,clear sky
686,Karasjok,NO,2022-07-20 18:13:17,69.4719,25.5112,59.32,79,100,5.57,overcast clouds
687,Troitskoye,RU,2022-07-20 18:13:17,52.9821,84.6757,63.12,58,98,8.1,overcast clouds
688,Haverfordwest,GB,2022-07-20 18:13:21,51.8017,-4.9691,65.79,71,43,5.01,scattered clouds
689,Sihora,IN,2022-07-20 18:13:21,23.4833,80.1167,76.03,96,96,7.29,heavy intensity rain
690,Baturaja,ID,2022-07-20 18:13:21,-4.1333,104.1667,73.11,98,55,2.48,broken clouds
691,Westerville,US,2022-07-20 18:11:44,40.1262,-82.9291,90.27,67,75,18.41,broken clouds
